id,name,duration,contentId
1,Talk by Tavares Kuvalis,233,20
2,Talk by Elenor Smitham,98,39
3,Talk by Vladimir Klocko,355,28
4,Talk by Bernie Morar,124,8
5,Talk by Felton Schoen IV,51,46
6,Talk by Mckenzie Fahey,164,17
7,Talk by Zena Lowe,291,27
8,Talk by Vince Medhurst,71,26
9,Talk by George Larkin MD,179,3
10,Talk by Tevin Fay,102,20
11,Talk by Ansley Nitzsche,272,13
12,Talk by Gerson Little,220,7
13,Talk by Mr. Arno Schmeler,296,47
14,Talk by Carey Haley MD,212,22
15,Talk by Rosalind Cassin,265,22
16,Talk by Mr. Davonte Ferry,233,44
17,Talk by Payton Rempel,296,18
18,Talk by Keshaun Gusikowski,289,5
19,Talk by Alene Grant DVM,98,3
20,Talk by Marianne McDermott,110,14
21,Talk by Demario Kuhlman,276,4
22,Talk by Alvera Bednar,85,48
23,Talk by Corene Murray,144,19
24,Talk by Mr. Evan Berge,84,14
25,Talk by Haylee Langosh,323,22
26,Talk by Justina Mueller,133,5
27,Talk by Linda Kessler,299,41
28,Talk by Rosemary Harris,334,44
29,Talk by Jermaine Welch,256,32
30,Talk by Wallace Bailey,208,24
31,Talk by Clemens King,179,26
32,Talk by Kiara Franecki,40,27
33,Talk by Danika Doyle,323,25
34,Talk by Steve Buckridge,316,37
35,Talk by Keshaun Friesen,115,50
36,Talk by Darron Kuphal,44,11
37,Talk by Dax Zulauf,122,34
38,Talk by Shaina Miller,54,44
39,Talk by Cora Towne,45,49
40,Talk by Magnolia Cruickshank,275,44
41,Talk by Marshall Nikolaus,164,14
42,Talk by Davion Mohr,38,14
43,Talk by Ryan Bogisich,96,11
44,Talk by Malinda Maggio,35,17
45,Talk by Brionna Wilkinson,319,16
46,Talk by Ottis King II,115,36
47,Talk by Myron Emard,182,37
48,Talk by Deven Ankunding,151,24
49,Talk by Mariana Yundt,147,45
50,Talk by Garland Davis,235,15
51,Talk by Marquis Predovic,152,39
52,Talk by Marian Jaskolski,340,19
53,Talk by Andreane Hoeger,123,37
54,Talk by Wanda Oberbrunner,219,48
55,Talk by Patrick Stokes,56,42
56,Talk by Mr. Ila Keebler,33,33
57,Talk by Georgiana Orn PhD,248,2
58,Talk by Earnest Zulauf DVM,9,18
59,"Talk by Julie D'Amore",227,30
60,Talk by Madge Crooks,239,34
61,Talk by Hellen Cormier,183,37
62,Talk by Jammie Crona,318,50
63,Talk by Zita Ryan,66,18
64,Talk by Rickey Gaylord,197,48
65,Talk by Ms. Bobbie Harris,59,24
66,Talk by Presley Bradtke IV,356,20
67,Talk by Elizabeth Gleason,306,23
68,Talk by Aliza Schaefer,76,39
69,Talk by Taryn Koss,310,42
70,Talk by Astrid Larkin,94,13
71,Talk by Ryann Lockman PhD,294,3
72,Talk by Herta Hessel,70,38
73,Talk by Marjory Hickle,210,10
74,Talk by Quincy Morar,80,7
75,Talk by Keara Kessler IV,214,27
76,Talk by Kaci Rau,77,5
77,Talk by Alexane Botsford,341,22
78,Talk by Estella Romaguera,190,15
79,Talk by Dr. Telly Fadel,347,9
80,Talk by Maritza Dooley,224,32
81,Talk by Arnulfo Gottlieb,283,24
82,Talk by Brody Dibbert,265,16
83,Talk by Jamir Cole,270,29
84,Talk by Joesph Metz PhD,91,33
85,Talk by Ezra Klocko,33,12
86,Talk by Geovanny Gleichner,266,13
87,Talk by Jannie Sanford III,104,15
88,Talk by Mustafa Anderson,280,13
89,Talk by Desiree Moen,4,5
90,Talk by Turner Bahringer,128,34
91,Talk by Davion Medhurst,152,3
92,Talk by Rosalee Hoppe,131,1
93,Talk by Meghan Kling,293,50
94,Talk by Emmalee Heller,38,8
95,Talk by Kari Luettgen,132,43
96,Talk by Addison Durgan,147,4
97,Talk by Vivien Rowe,319,2
98,Talk by Anjali Lowe,31,16
99,Talk by Randy Harvey,67,20
100,Talk by Emmitt Greenholt,209,5
101,Talk by Miss Josefina Kautzer,11,13
102,Talk by Bradley Hagenes,92,20
103,Talk by Lynn Fisher,6,45
104,Talk by Ms. Adrian Stehr,40,48
105,Talk by Dane Welch,1,45
106,Talk by Vivian Rolfson,48,16
107,Talk by Uriel Stracke,281,49
108,Talk by Leslie Altenwerth,88,19
109,Talk by Idell Windler,128,1
110,Talk by Reese Nitzsche,144,27
111,Talk by Lawrence Fisher,38,15
112,Talk by Brandt Beier,273,1
113,Talk by Saige Jaskolski,154,47
114,Talk by Aurelie McLaughlin II,239,47
115,Talk by Viviane Jenkins PhD,175,18
116,Talk by Tommie Pouros,230,10
117,Talk by Miss Myra Pacocha,68,20
118,Talk by Wilber Flatley,344,46
119,Talk by Dasia Luettgen,182,29
120,Talk by Agnes Quigley,80,44
121,Talk by Aubree Rice,270,42
122,Talk by Mrs. Bianka Cartwright,148,46
123,Talk by Edythe Runolfsson,237,34
124,Talk by Jaylan Pacocha,302,28
125,Talk by Mrs. Lonie Abshire,169,41
126,Talk by Stephania Schiller,197,11
127,Talk by Ulises Feil,51,11
128,Talk by Irving Weissnat,153,37
129,Talk by Chase Tremblay,135,22
130,Talk by Dr. Jovani Olson,80,28
131,Talk by Adelle Fahey,265,26
132,Talk by Mrs. Laury Bayer,344,28
133,Talk by Celestino Volkman,46,2
134,Talk by Nash Gleichner,357,7
135,Talk by Jaylen Walker,62,41
136,Talk by Flossie Will Sr.,355,36
137,Talk by Jaleel Heidenreich Jr.,107,16
138,Talk by Kristin Corkery,334,23
139,Talk by Bartholome Heller,190,12
140,Talk by Teagan Rempel,82,26
141,Talk by Reina Lesch,298,11
142,Talk by Macey Kunde,35,29
143,"Talk by Lonzo O'Keefe II",355,4
144,Talk by Jabari Pouros,112,50
145,Talk by Dedrick Mohr,196,22
146,Talk by Micaela Schroeder,232,29
147,Talk by Chadrick Wyman,106,34
148,Talk by Emmy Wunsch,133,44
149,Talk by Marlee Schamberger,76,34
150,Talk by Meaghan Witting,263,39
151,Talk by Leora Muller,337,39
152,Talk by May Fahey,16,41
153,Talk by Ellis Goyette DDS,4,9
154,Talk by Winona Mueller,166,13
155,Talk by Jaycee Lehner,308,3
156,Talk by Eladio Schultz,250,7
157,Talk by Nathan Bailey,349,13
158,Talk by Everett Schuster,206,45
159,Talk by Melvina Wiegand,167,40
160,Talk by Sarai Reichert,251,42
161,Talk by Alvena Beer,254,17
162,Talk by Loyce Hand,154,4
163,Talk by Judah Rohan,173,24
164,Talk by Miss Agustina Kuvalis,195,40
165,Talk by Mrs. Leonora Buckridge,56,4
166,Talk by Adelbert Reichert,292,17
167,Talk by Liana Dare,110,23
168,Talk by Stanford Weber,47,12
169,Talk by Berry Klein Jr.,223,9
170,Talk by Dawson Prohaska Sr.,252,27
171,Talk by Arjun Paucek,312,38
172,Talk by Alison Hansen,171,26
173,Talk by Mr. Kayli Daniel,354,5
174,Talk by Gilda Schmidt I,281,20
175,Talk by Alexandrine Haley,265,33
176,Talk by Loyal Watsica,98,17
177,Talk by Tracy Strosin,8,9
178,Talk by Camden Rippin,111,17
179,Talk by Arlo Zboncak,54,5
180,Talk by Samanta Herman,56,12
181,Talk by Kaylee Treutel V,355,45
182,Talk by Augustine Zieme,273,13
183,Talk by Will Breitenberg,260,31
184,Talk by Leo McKenzie,231,30
185,Talk by Jordi Schroeder,284,19
186,Talk by Roxanne Bosco,18,34
187,Talk by Whitney Prohaska,233,15
188,Talk by Kenya Kertzmann,49,34
189,Talk by Kyler Farrell III,70,11
190,Talk by Demond Dibbert,326,47
191,Talk by Eric Howe,115,28
192,Talk by Maxwell Morar,341,25
193,Talk by Christy Schroeder,151,14
194,Talk by Fritz Cremin,294,50
195,Talk by Nigel Skiles I,252,28
196,Talk by Forest Paucek,349,49
197,Talk by Louisa Veum,326,14
198,Talk by Orlando Simonis,157,39
199,Talk by Nikki Bayer,345,25
200,Talk by Clinton Ledner,292,1